Rk,I,Team,Split,Year,G,RC,GS,PA,AB,R,H,2B,3B,HR,RBI,SB,CS,BB,SO,BA,OBP,SLG,OPS,TB,GDP,HBP,SH,SF,IBB,ROE,BAbip,tOPS+,sOPS+
1,,CLE,Batting 1st,2006,170,144.8,162,769,671,137,197,55,11,29,78,23,7,80,153,.294,.378,.538,.916,361,3,13,1,4,8,6,.341,126,139
2,,LAA,Batting 1st,2012,162,143.5,162,747,657,139,205,29,9,30,92,52,6,74,159,.312,.383,.521,.903,342,7,6,2,8,4,7,.368,136,152
3,,FLA,Batting 1st,2008,174,142.9,161,758,659,135,199,36,4,34,70,37,12,89,130,.302,.391,.524,.914,345,5,8,0,2,9,9,.332,141,140
4,,FLA,Batting 1st,2007,178,142.0,162,780,699,129,223,49,9,24,76,54,14,64,109,.319,.379,.518,.897,362,12,7,5,5,2,5,.349,128,135
5,,BOS,Batting 1st,2011,172,138.7,162,782,703,126,218,48,6,33,105,38,16,57,108,.310,.366,.536,.903,377,10,9,4,6,1,9,.326,121,146
6,,NYY,Batting 1st,2009,191,138.1,162,785,695,121,231,30,4,21,73,34,5,76,103,.332,.402,.478,.880,332,19,7,4,3,4,7,.366,111,132
7,,DET,Batting 1st,2007,183,136.2,162,777,709,135,207,48,21,25,77,22,1,58,164,.292,.348,.525,.873,372,5,4,4,2,1,6,.349,116,127
8,,CLE,Batting 1st,2008,165,135.2,162,772,659,103,177,41,5,34,92,39,5,99,135,.269,.372,.501,.873,330,5,11,0,3,14,2,.290,128,129
9,,PHI,Batting 1st,2007,175,133.3,162,792,727,147,214,37,17,32,93,40,6,51,91,.294,.345,.524,.869,381,15,8,1,5,5,12,.299,112,126
10,,MIL,Batting 1st,2007,165,132.7,162,762,650,135,177,31,8,33,74,40,6,87,152,.272,.369,.497,.866,323,4,16,4,5,3,9,.306,121,127
11,,CHC,Batting 1st,2007,174,131.9,162,765,717,127,217,55,6,35,87,23,7,40,143,.303,.341,.543,.884,389,10,4,0,4,4,5,.335,131,130
12,,CIN,Batting 1st,2013,174,131.1,162,765,622,114,178,40,4,21,56,20,15,114,138,.286,.415,.465,.880,289,3,24,4,1,5,4,.338,146,145
13,,NYM,Batting 1st,2006,179,130.7,162,773,711,133,217,34,19,20,84,67,17,58,94,.305,.358,.491,.849,349,6,1,3,0,6,7,.330,118,122
14,,NYY,Batting 1st,2006,185,129.8,162,785,695,132,204,45,6,25,91,28,10,76,102,.294,.365,.483,.848,336,4,5,4,5,1,7,.312,105,122
15,,WSN,Batting 1st,2006,177,128.7,162,762,672,119,186,41,3,41,88,42,20,78,154,.277,.357,.530,.887,356,5,7,3,2,15,5,.303,132,131
16,,SEA,Batting 1st,2009,166,127.3,162,751,706,96,247,31,4,11,52,31,9,37,79,.350,.385,.452,.837,319,1,4,3,1,15,7,.382,135,121
17,,NYM,Batting 1st,2011,173,127.2,162,778,718,118,228,41,16,11,66,49,10,52,70,.318,.361,.465,.826,334,6,0,3,5,9,7,.338,127,127
18,,TEX,Batting 1st,2006,177,125.9,162,777,700,115,213,48,6,23,90,11,7,62,121,.304,.361,.489,.849,342,8,5,1,9,5,6,.336,116,122
19,,TOR,Batting 1st,2006,174,124.3,162,763,682,118,208,47,4,21,87,13,5,57,119,.305,.374,.478,.852,326,12,20,1,3,4,6,.343,111,123
20,,TEX,Batting 1st,2008,178,123.4,162,791,700,125,206,54,5,21,87,27,4,61,99,.294,.357,.476,.833,333,15,12,10,8,0,8,.315,104,118
21,,NYM,Batting 1st,2008,168,123.3,162,783,705,116,208,38,19,16,68,56,15,68,84,.295,.356,.471,.827,332,9,1,6,3,8,8,.316,117,117
22,,SDP,Batting 1st,2008,176,123.1,162,760,680,100,197,40,6,30,80,5,8,73,118,.290,.358,.499,.857,339,6,2,1,4,4,7,.312,141,124
23,,ARI,Batting 1st,2010,182,122.2,162,751,663,105,190,45,5,25,71,25,10,83,140,.287,.368,.483,.851,320,8,3,1,1,3,10,.331,129,138
24,,CLE,Batting 1st,2007,176,121.8,162,773,650,116,178,33,4,22,77,34,10,101,160,.274,.383,.438,.822,285,3,16,3,3,9,5,.331,114,117
25,,MIL,Batting 1st,2011,176,120.9,162,751,665,122,187,37,5,32,75,13,3,68,144,.281,.356,.496,.852,330,11,11,3,4,3,10,.314,126,133
26,,DET,Batting 1st,2008,171,120.6,162,774,683,125,190,32,14,25,86,13,5,83,136,.278,.359,.476,.835,325,10,4,2,2,1,5,.315,113,119
27,,SEA,Batting 1st,2007,176,120.6,162,755,694,114,239,22,7,6,68,37,8,51,81,.344,.391,.422,.814,293,7,4,4,2,13,3,.383,115,115
28,,BOS,Batting 1st,2015,166,120.3,162,764,699,112,208,44,8,22,95,17,6,52,104,.298,.345,.478,.823,334,3,3,2,8,2,11,.320,121,123
29,,TEX,Batting 1st,2011,173,120.2,162,767,662,131,175,36,4,33,80,34,6,89,78,.264,.357,.480,.838,318,13,8,6,2,2,10,.257,109,129
30,,PHI,Batting 1st,2008,184,119.7,162,767,682,106,195,44,11,16,72,50,6,71,76,.286,.356,.453,.810,309,9,6,4,4,8,9,.301,111,112
31,,STL,Batting 1st,2013,171,119.7,162,761,663,131,199,48,8,11,78,3,3,75,106,.300,.379,.446,.825,296,4,13,3,7,1,7,.340,125,130
32,,LAD,Batting 1st,2006,186,118.7,162,780,694,124,206,32,10,16,68,43,12,76,107,.297,.366,.441,.807,306,9,2,5,3,3,8,.331,107,112
33,,SEA,Batting 1st,2006,170,118.5,162,762,703,112,225,20,9,9,49,46,2,50,74,.320,.369,.413,.782,290,2,6,1,2,16,11,.347,111,106
34,,NYY,Batting 1st,2008,173,118.3,162,762,676,110,197,31,6,20,85,38,7,74,105,.291,.364,.444,.808,300,7,5,4,3,0,7,.319,110,113
35,,BAL,Batting 1st,2007,172,118.2,162,766,667,107,194,45,5,11,60,50,7,91,107,.291,.375,.423,.798,282,8,1,3,4,6,3,.331,115,111
36,,BAL,Batting 1st,2008,179,117.8,161,758,663,110,195,57,8,9,62,40,10,84,115,.294,.372,.445,.817,295,10,2,3,6,3,8,.341,115,115
37,,CIN,Batting 1st,2007,179,116.6,162,771,693,108,212,42,7,15,67,22,13,59,98,.306,.368,.452,.820,313,9,11,5,3,4,12,.338,114,116
38,,PHI,Batting 1st,2006,174,116.1,162,800,727,130,199,48,8,25,84,37,6,60,91,.274,.331,.465,.796,338,13,6,0,7,2,9,.282,99,108
39,,MIL,Batting 1st,2010,177,116.0,162,771,667,114,176,32,4,28,81,12,4,77,181,.264,.361,.450,.810,300,6,25,0,2,0,5,.322,114,128
40,,CHC,Batting 1st,2008,185,114.3,161,779,700,117,195,38,0,33,100,25,7,62,150,.279,.342,.474,.817,332,15,9,2,6,10,5,.310,104,113
41,,HOU,Batting 1st,2015,172,113.9,162,750,684,97,214,35,4,18,69,31,14,45,118,.313,.365,.455,.820,311,11,14,2,5,6,5,.354,120,124
42,,TBD,Batting 1st,2006,173,112.4,162,739,678,114,195,40,6,25,69,31,7,49,124,.288,.341,.475,.816,322,10,7,4,1,1,7,.321,122,113
43,,TOR,Batting 1st,2009,172,112.3,162,782,666,120,186,38,2,18,76,14,5,97,94,.279,.372,.423,.795,282,12,6,5,8,0,6,.299,108,110
44,,PIT,Batting 1st,2009,164,111.8,161,743,651,106,186,32,13,13,78,34,10,78,127,.286,.364,.435,.798,283,4,5,3,6,4,7,.335,127,111
45,,ARI,Batting 1st,2009,178,111.6,162,770,697,91,203,42,9,15,62,11,8,63,110,.291,.352,.442,.793,308,4,4,2,4,5,9,.326,114,109
46,,COL,Batting 1st,2015,171,111.6,162,745,671,101,194,33,9,19,65,45,14,52,123,.289,.350,.450,.800,302,5,13,5,4,2,7,.328,115,118
47,,BOS,Batting 1st,2013,170,111.4,162,780,711,117,209,39,8,12,68,55,4,53,113,.294,.348,.422,.770,300,16,8,1,3,3,5,.334,94,114
48,,DET,Batting 1st,2012,168,111.2,162,743,657,123,189,34,13,16,72,21,9,75,163,.288,.364,.452,.816,297,11,5,3,3,0,8,.360,116,128
49,,CIN,Batting 1st,2011,173,111.0,162,777,694,120,189,29,3,25,69,34,7,67,193,.272,.343,.431,.774,299,4,9,5,2,2,6,.343,111,113
50,,STL,Batting 1st,2015,187,110.9,162,744,669,108,179,49,4,29,82,8,8,59,154,.268,.337,.483,.820,323,5,13,0,3,3,6,.307,128,122
51,,NYM,Batting 1st,2007,166,110.8,162,775,690,122,193,36,12,12,58,79,21,78,79,.280,.353,.419,.772,289,6,1,5,1,13,10,.302,100,103
52,,BAL,Batting 1st,2009,178,110.4,162,763,677,114,190,56,1,16,80,30,6,76,118,.281,.350,.437,.788,296,10,1,1,8,3,4,.316,111,107
53,,MIN,Batting 1st,2009,170,109.7,163,771,661,110,197,21,11,10,77,25,10,80,106,.298,.380,.408,.788,270,10,11,13,6,4,6,.339,105,109
54,,FLA,Batting 1st,2009,193,109.5,162,774,708,110,217,36,8,9,57,18,10,57,129,.306,.361,.418,.779,296,6,4,3,2,1,7,.364,107,106
55,,CLE,Batting 1st,2015,168,109.2,161,751,659,100,191,48,7,12,58,12,11,73,122,.290,.366,.439,.805,289,6,9,6,4,5,4,.338,122,120
56,,CHC,Batting 1st,2011,180,108.7,162,748,671,94,202,39,4,12,50,20,7,67,120,.301,.367,.425,.792,285,9,4,4,2,2,7,.351,123,119
57,,TEX,Batting 1st,2009,165,108.7,162,749,666,117,179,31,4,29,93,45,7,62,100,.269,.334,.458,.792,305,10,6,10,5,0,9,.277,107,108
58,,OAK,Batting 1st,2013,180,108.5,162,764,670,114,178,31,4,27,82,21,5,82,99,.266,.342,.445,.786,298,8,0,3,9,3,5,.273,111,118
59,,PIT,Batting 1st,2011,169,108.4,162,748,668,101,194,34,10,14,61,36,15,66,129,.290,.359,.434,.793,290,7,7,4,3,2,4,.341,134,119
60,,COL,Batting 1st,2011,187,108.1,162,772,680,120,185,39,10,14,67,37,11,77,163,.272,.352,.421,.772,286,6,8,4,3,4,6,.338,110,113
61,,KCR,Batting 1st,2008,180,108.1,162,747,686,97,215,33,8,12,77,20,8,44,85,.313,.358,.437,.796,300,12,7,5,5,2,3,.342,122,109
62,,PIT,Batting 1st,2008,176,107.9,162,764,684,116,191,54,1,18,80,21,7,54,97,.279,.341,.440,.781,301,5,13,8,5,4,6,.301,116,105
63,,SFG,Batting 1st,2008,186,107.9,162,757,679,109,187,34,13,15,54,33,10,77,141,.275,.349,.430,.779,292,5,0,0,1,6,9,.328,121,105
64,,MIL,Batting 1st,2014,177,107.8,162,743,667,115,182,41,5,26,78,33,13,51,164,.273,.339,.466,.805,311,9,18,3,4,0,7,.324,126,124
65,,FLA,Batting 1st,2006,180,107.7,162,763,683,122,193,44,12,14,59,47,19,63,141,.283,.347,.444,.791,303,9,6,8,3,0,7,.337,107,107
66,,NYM,Batting 1st,2015,176,107.4,162,753,656,102,168,35,3,28,76,9,7,86,167,.256,.347,.447,.793,293,4,7,0,4,2,3,.301,123,116
67,,BAL,Batting 1st,2015,184,106.9,162,735,662,99,187,30,3,28,76,15,8,64,134,.282,.349,.464,.813,307,13,5,2,2,2,6,.317,124,121
68,,COL,Batting 1st,2009,199,106.9,162,771,663,108,174,40,8,18,53,37,15,89,165,.262,.350,.428,.779,284,5,3,12,4,2,9,.322,99,105
69,,LAA,Batting 1st,2009,178,106.2,162,760,644,118,188,31,7,5,56,42,17,102,118,.292,.387,.385,.773,248,8,1,9,4,0,10,.349,98,105
70,,SEA,Batting 1st,2008,170,106.2,162,759,697,104,218,21,7,6,42,44,4,50,66,.313,.361,.389,.750,271,8,5,3,4,12,14,.337,114,98
71,,LAD,Batting 1st,2008,193,105.1,162,757,685,108,197,36,6,11,62,54,13,65,90,.288,.351,.406,.757,278,7,3,3,1,4,3,.318,107,100
72,,DET,Batting 1st,2010,173,105.0,162,773,708,117,208,40,11,6,55,29,7,55,177,.294,.345,.407,.752,288,6,3,2,5,4,11,.381,101,111
73,,LAD,Batting 1st,2010,178,104.9,162,751,676,113,195,39,11,12,62,27,9,65,108,.288,.353,.432,.785,292,13,4,3,3,6,12,.327,124,120
74,,WSN,Batting 1st,2014,171,104.9,162,755,691,101,204,44,9,7,48,32,9,54,83,.295,.347,.415,.762,287,6,3,3,4,1,6,.326,114,113
75,,MIL,Batting 1st,2009,174,104.8,162,769,686,107,194,37,7,15,74,5,9,74,116,.283,.357,.423,.780,290,9,6,1,2,1,12,.321,104,106
76,,SDP,Batting 1st,2006,193,104.6,162,773,682,106,188,30,14,9,60,58,10,70,96,.276,.346,.400,.746,273,9,6,8,6,2,5,.307,100,97
77,,ATL,Batting 1st,2007,174,104.3,162,781,683,115,186,39,13,12,75,15,16,83,136,.272,.355,.420,.775,287,8,8,1,6,1,11,.322,101,104
78,,DET,Batting 1st,2009,180,104.3,163,763,681,99,168,24,9,34,80,17,7,74,162,.247,.321,.458,.780,312,5,2,4,2,3,3,.275,107,104
79,,HOU,Batting 1st,2014,172,104.3,162,746,682,95,205,46,4,10,51,37,9,54,120,.301,.353,.424,.777,289,15,4,2,4,3,10,.351,125,117
80,,KCR,Batting 1st,2011,168,104.3,162,766,675,99,177,40,5,21,82,29,8,73,139,.262,.336,.430,.766,290,6,5,5,6,2,7,.299,106,111
81,,PHI,Batting 1st,2010,182,104.2,162,769,689,106,178,30,11,20,85,35,5,68,75,.258,.332,.421,.752,290,6,9,0,3,5,9,.265,102,111
82,,KCR,Batting 1st,2006,176,104.0,162,764,685,106,198,45,7,11,69,8,4,53,101,.289,.351,.423,.775,290,11,15,7,4,4,4,.324,109,104
83,,COL,Batting 1st,2012,180,103.8,162,759,680,96,190,33,11,13,58,22,6,62,133,.279,.344,.418,.762,284,5,6,9,2,0,8,.330,100,113
84,,LAA,Batting 1st,2007,172,103.3,162,753,642,120,187,30,6,6,65,44,13,88,122,.291,.372,.385,.757,247,8,2,8,13,1,6,.343,100,101
85,,CIN,Batting 1st,2006,172,103.2,162,769,667,90,181,40,3,13,47,37,14,84,124,.271,.360,.399,.759,266,8,10,6,2,1,5,.316,100,100
86,,CHW,Batting 1st,2015,173,103.0,162,743,661,99,187,31,9,14,59,18,10,61,142,.283,.355,.421,.776,278,5,14,5,2,2,5,.341,127,112
87,,SEA,Batting 1st,2010,169,103.0,162,734,681,74,214,30,3,6,43,42,9,46,87,.314,.360,.394,.753,268,3,3,3,1,13,10,.353,137,113
88,,SFG,Batting 1st,2012,190,103.0,162,759,680,120,179,34,18,13,56,38,10,72,126,.263,.335,.424,.758,288,5,2,3,2,4,8,.306,109,112
89,,TBR,Batting 1st,2009,170,102.9,162,756,660,109,176,40,5,14,62,46,14,84,162,.267,.351,.406,.757,268,6,4,4,4,0,7,.332,95,100
90,,MIN,Batting 1st,2014,171,102.6,162,767,693,118,186,37,6,21,74,32,10,57,162,.268,.328,.430,.758,298,7,8,1,8,0,7,.319,112,111
91,,SFG,Batting 1st,2006,183,102.4,161,752,672,111,186,45,6,16,70,12,9,63,83,.277,.342,.433,.775,291,6,7,4,6,4,6,.294,108,103
92,,DET,Batting 1st,2006,172,102.3,162,763,673,99,177,34,9,20,73,8,5,73,181,.263,.336,.429,.765,289,5,4,7,6,0,6,.328,98,101
93,,NYY,Batting 1st,2012,169,102.3,162,765,706,106,220,32,0,15,57,11,5,49,100,.312,.359,.421,.780,297,23,4,5,1,1,9,.346,100,119
94,,ATL,Batting 1st,2009,181,102.2,162,782,683,112,181,44,4,18,74,15,10,77,130,.265,.348,.420,.768,287,12,12,6,4,3,6,.302,106,103
95,,MIL,Batting 1st,2012,179,102.0,162,761,679,104,177,44,6,18,60,33,8,60,121,.261,.333,.423,.756,287,7,16,2,4,3,8,.292,99,111
96,,ATL,Batting 1st,2010,169,101.9,162,767,697,108,198,32,7,19,59,10,6,57,98,.284,.336,.432,.768,301,11,1,6,6,2,6,.305,107,115
97,,NYY,Batting 1st,2014,168,101.9,162,744,662,102,171,29,13,25,76,26,5,60,136,.258,.321,.455,.775,301,7,4,10,7,2,3,.287,124,115
98,,LAD,Batting 1st,2013,216,101.8,162,748,682,88,196,37,4,15,65,20,6,54,117,.287,.343,.419,.763,286,7,5,4,2,3,5,.328,111,112
99,,PIT,Batting 1st,2014,205,101.7,162,762,705,110,198,39,9,17,60,21,10,48,144,.281,.332,.434,.766,306,9,6,2,1,0,4,.332,108,113
100,,LAD,Batting 1st,2009,178,101.5,162,781,708,118,206,36,9,7,59,34,9,61,86,.291,.351,.397,.748,281,15,6,4,2,3,8,.323,98,98
101,,KCR,Batting 1st,2009,178,101.4,162,742,647,100,179,31,11,13,69,22,11,77,98,.277,.358,.419,.777,271,10,8,5,5,1,3,.307,116,105
102,,NYM,Batting 1st,2010,172,101.4,162,758,708,99,204,34,14,14,71,35,12,38,89,.288,.326,.435,.761,308,8,4,4,4,4,6,.312,117,113
103,,NYY,Batting 1st,2007,186,101.4,162,793,698,112,186,31,3,14,84,30,4,83,108,.266,.347,.380,.726,265,8,5,3,4,1,10,.297,77,92
104,,TEX,Batting 1st,2007,213,101.4,162,760,662,114,182,33,6,16,56,26,7,74,82,.275,.353,.415,.769,275,15,9,10,5,3,12,.292,105,102
105,,CHC,Batting 1st,2015,183,100.9,162,756,661,109,170,36,8,17,48,22,9,84,169,.257,.344,.413,.757,273,5,6,1,4,1,8,.319,111,107
106,,OAK,Batting 1st,2007,172,100.9,162,779,697,100,201,38,4,10,58,13,2,68,94,.288,.354,.397,.751,277,17,6,2,6,1,9,.319,102,98
107,,WSN,Batting 1st,2009,187,100.6,162,762,683,97,200,32,9,8,41,35,14,57,117,.293,.356,.401,.757,274,11,11,9,2,0,9,.343,104,100
108,,ARI,Batting 1st,2007,169,100.4,162,739,668,104,170,32,2,30,69,34,7,62,142,.254,.318,.443,.761,296,5,3,0,6,4,7,.279,106,99
109,,BOS,Batting 1st,2006,181,100.4,162,788,680,108,177,39,2,16,71,17,5,91,132,.260,.348,.394,.742,268,11,5,4,8,1,7,.298,90,96
110,,WSN,Batting 1st,2015,175,100.1,162,751,683,90,187,40,2,19,64,17,2,60,140,.274,.333,.422,.755,288,10,3,1,4,0,6,.318,109,106
111,,WSN,Batting 1st,2012,201,100.0,162,762,704,98,194,49,5,14,63,20,5,47,123,.276,.325,.419,.744,295,5,6,2,3,1,6,.316,99,108
112,,STL,Batting 1st,2009,222,99.9,162,753,674,105,198,40,5,6,43,7,4,71,90,.294,.360,.395,.755,266,8,1,3,4,2,10,.330,104,100
113,,PHI,Batting 1st,2011,177,99.8,162,768,689,108,177,26,8,22,86,34,8,68,82,.257,.326,.414,.740,285,5,5,2,4,5,6,.263,106,103
114,,ARI,Batting 1st,2015,169,99.7,162,763,705,105,210,40,7,12,65,30,18,43,80,.298,.338,.426,.764,300,11,4,3,8,0,9,.319,107,108
115,,DET,Batting 1st,2013,169,99.7,162,782,712,120,197,41,7,15,65,10,4,58,154,.277,.334,.417,.751,297,14,5,3,4,0,8,.333,93,108
116,,PIT,Batting 1st,2013,200,99.7,162,758,692,109,191,34,12,15,53,39,15,32,173,.276,.332,.425,.756,294,7,26,7,1,2,8,.349,113,110
117,,CLE,Batting 1st,2012,179,99.4,162,756,674,102,180,45,4,16,66,23,10,64,158,.267,.339,.417,.756,281,7,11,3,4,1,6,.325,114,111
118,,NYY,Batting 1st,2010,183,99.2,162,786,697,128,198,34,3,10,72,27,7,71,121,.284,.358,.385,.743,268,19,12,2,4,4,9,.330,91,110
119,,PIT,Batting 1st,2007,189,99.2,162,761,667,107,175,35,8,15,59,34,11,69,122,.262,.341,.406,.748,271,7,13,8,4,1,5,.300,104,97
120,,NYY,Batting 1st,2013,173,99.1,162,740,657,104,179,39,13,13,70,26,10,60,150,.272,.339,.431,.770,283,9,8,11,4,2,6,.333,125,114
121,,NYM,Batting 1st,2009,176,98.9,162,757,676,88,186,38,15,8,54,26,10,67,88,.275,.341,.411,.752,278,8,3,6,5,3,9,.304,106,99
122,,COL,Batting 1st,2006,177,98.8,162,778,691,113,195,37,14,7,59,18,11,66,133,.282,.343,.407,.750,281,10,2,12,7,1,9,.337,95,97
123,,TOR,Batting 1st,2014,173,98.8,162,756,708,107,203,37,4,13,56,33,2,41,90,.287,.325,.405,.730,287,8,1,2,4,1,13,.312,98,104
124,,CHW,Batting 1st,2012,170,98.7,162,746,671,100,187,36,6,12,62,37,15,57,140,.279,.344,.404,.748,271,3,11,4,3,3,6,.335,104,110
125,,SDP,Batting 1st,2013,173,98.7,162,749,676,94,189,30,7,14,52,41,12,63,138,.280,.343,.407,.750,275,9,3,5,2,4,8,.333,119,109
126,,DET,Batting 1st,2014,174,98.3,162,755,714,106,210,42,8,17,84,25,9,29,113,.294,.327,.447,.773,319,21,7,2,3,1,8,.329,104,115
127,,SDP,Batting 1st,2007,182,98.3,163,770,676,105,175,41,3,18,73,13,10,85,121,.259,.344,.408,.752,276,8,4,3,2,3,7,.291,106,98
128,,TBR,Batting 1st,2008,171,98.3,162,773,686,102,190,32,10,8,54,10,9,76,140,.277,.352,.388,.740,266,4,5,3,3,3,9,.336,96,96
129,,SFG,Batting 1st,2010,170,98.1,162,748,683,107,174,46,10,24,84,26,9,58,161,.255,.317,.457,.774,312,13,4,3,0,1,3,.301,111,116
130,,MIL,Batting 1st,2008,180,98.0,162,759,648,123,157,34,7,18,62,23,7,90,150,.242,.347,.400,.747,259,9,16,1,4,0,9,.287,100,97
131,,COL,Batting 1st,2010,206,97.8,162,765,706,114,195,29,11,18,68,24,17,52,154,.276,.330,.425,.755,300,7,5,2,0,1,5,.331,98,112
132,,COL,Batting 1st,2014,172,97.5,162,754,694,93,194,32,3,20,74,34,11,37,125,.280,.325,.421,.746,292,7,12,6,5,5,6,.314,94,108
133,,FLA,Batting 1st,2011,189,97.3,162,762,678,95,186,38,5,9,49,44,14,66,145,.274,.343,.385,.728,261,4,7,6,5,4,8,.335,107,101
134,,CIN,Batting 1st,2008,170,96.8,162,757,681,93,181,41,3,20,77,26,12,57,117,.266,.326,.423,.749,288,6,6,8,5,2,5,.293,105,96
135,,TBR,Batting 1st,2011,180,96.8,162,754,671,109,173,30,10,19,60,36,18,69,134,.258,.333,.417,.751,280,5,8,4,2,1,8,.296,107,106
136,,ATL,Batting 1st,2012,174,96.7,162,751,668,99,180,29,10,10,59,42,15,73,168,.269,.342,.388,.730,259,2,3,3,4,1,6,.344,107,105
137,,MIA,Batting 1st,2015,165,96.6,162,732,689,98,219,25,9,4,49,65,22,29,103,.318,.344,.398,.742,274,8,2,6,6,2,5,.366,115,103
138,,OAK,Batting 1st,2010,176,96.5,162,756,684,107,187,34,5,12,65,63,9,60,120,.273,.331,.390,.721,267,12,1,6,5,0,7,.314,105,103
139,,LAA,Batting 1st,2011,171,96.4,162,745,692,79,194,51,6,13,64,28,12,38,112,.280,.325,.428,.753,296,9,10,1,4,2,6,.317,110,107
140,,SFG,Batting 1st,2015,205,96.4,162,748,679,95,197,34,3,10,55,26,10,58,95,.290,.352,.393,.745,267,12,8,1,2,0,4,.325,105,104
141,,LAD,Batting 1st,2014,178,96.3,162,760,700,109,199,27,14,5,43,61,19,46,132,.284,.333,.384,.717,269,3,7,3,4,0,7,.342,95,101
142,,BOS,Batting 1st,2009,174,96.2,162,775,702,111,194,32,10,9,65,57,12,57,98,.276,.332,.389,.721,273,13,4,5,5,1,10,.308,80,91
143,,PHI,Batting 1st,2012,180,96.0,162,749,678,103,171,33,6,24,71,29,7,65,97,.252,.318,.425,.743,288,7,1,4,1,2,7,.263,107,107
144,,ARI,Batting 1st,2008,182,95.8,162,762,687,99,176,42,7,20,72,7,4,64,145,.256,.320,.425,.745,292,8,3,3,5,4,6,.296,100,95
145,,PHI,Batting 1st,2014,188,95.8,162,760,715,91,217,24,6,6,38,52,9,30,77,.303,.335,.379,.714,271,10,5,7,3,0,7,.332,115,100
146,,TBR,Batting 1st,2010,195,95.8,162,767,654,109,163,38,4,13,63,26,6,99,118,.249,.350,.379,.730,248,10,5,5,4,2,8,.285,99,106
147,,COL,Batting 1st,2013,184,95.7,162,758,667,99,173,33,8,15,56,24,14,81,144,.259,.341,.400,.741,267,5,3,4,3,1,7,.309,101,106
148,,TEX,Batting 1st,2012,170,95.7,162,763,686,107,178,43,6,19,77,22,9,61,94,.259,.327,.423,.750,290,14,10,1,5,0,5,.275,93,109
149,,ATL,Batting 1st,2008,178,95.6,162,771,667,94,182,32,3,10,66,20,9,84,124,.273,.356,.375,.731,250,9,6,7,7,4,7,.319,95,94
150,,CHW,Batting 1st,2009,175,95.1,162,753,683,95,195,34,7,10,61,34,14,52,105,.286,.340,.400,.740,273,10,7,7,4,1,5,.323,101,96
151,,STL,Batting 1st,2014,180,94.9,162,742,624,102,166,34,3,8,61,5,4,98,116,.266,.369,.369,.738,230,4,9,2,9,2,5,.310,115,108
152,,ARI,Batting 1st,2014,174,94.8,162,746,684,99,191,34,12,12,49,25,10,46,101,.279,.331,.417,.747,285,11,8,5,3,2,6,.312,121,109
153,,SFG,Batting 1st,2007,186,94.2,162,761,690,106,187,32,10,8,44,43,9,58,115,.271,.334,.381,.715,263,8,7,5,0,1,9,.316,102,89
154,,SDP,Batting 1st,2012,202,94.1,162,747,671,96,177,34,9,12,60,45,12,59,139,.264,.329,.395,.724,265,5,8,5,4,3,7,.315,107,103
155,,MIA,Batting 1st,2014,170,93.9,162,764,681,104,185,35,6,9,58,25,10,74,151,.272,.346,.380,.726,259,9,4,3,2,3,7,.337,110,104
156,,LAA,Batting 1st,2014,179,93.8,162,773,711,111,188,41,3,20,77,7,5,51,139,.264,.316,.415,.730,295,9,4,3,4,0,10,.302,100,104
157,,BOS,Batting 1st,2007,180,93.7,162,783,696,113,185,47,4,9,72,35,6,66,94,.266,.329,.384,.712,267,13,3,10,8,1,9,.293,77,88
158,,STL,Batting 1st,2008,205,93.7,162,779,709,111,205,28,6,10,58,16,2,59,91,.289,.345,.388,.733,275,24,3,6,2,3,8,.320,88,94
159,,CHC,Batting 1st,2012,182,93.5,162,730,654,95,179,38,9,9,48,18,9,63,129,.274,.346,.401,.746,262,9,10,1,2,1,12,.328,121,109
160,,ARI,Batting 1st,2013,174,93.3,162,773,701,107,189,45,10,11,54,13,12,55,135,.270,.327,.409,.736,287,10,7,5,5,1,4,.318,106,104
161,,OAK,Batting 1st,2014,189,93.3,162,762,675,97,171,34,6,14,72,32,6,75,103,.253,.329,.384,.713,259,7,4,2,6,1,8,.278,104,100
162,,BAL,Batting 1st,2013,166,92.9,162,753,676,96,180,33,4,13,55,28,5,64,107,.266,.331,.385,.715,260,7,4,3,6,2,2,.297,95,99
163,,OAK,Batting 1st,2012,171,92.9,162,761,676,97,170,35,11,13,50,38,10,71,118,.251,.326,.393,.719,266,8,5,6,3,0,4,.286,102,101
164,,TBR,Batting 1st,2015,219,92.9,162,745,658,85,170,37,6,16,56,16,8,57,144,.258,.337,.406,.743,267,11,23,3,4,0,3,.307,107,103
165,,LAD,Batting 1st,2015,190,92.8,162,745,660,93,154,35,7,26,65,11,9,74,172,.233,.319,.426,.745,281,5,10,0,1,2,4,.276,101,102
166,,COL,Batting 1st,2007,222,92.7,163,791,710,114,198,30,3,5,52,48,11,55,98,.279,.335,.351,.686,249,5,8,13,5,2,14,.315,75,82
167,,TEX,Batting 1st,2013,169,92.5,163,762,673,93,179,35,2,14,86,26,13,61,96,.266,.336,.386,.723,260,6,14,7,7,1,11,.289,98,101
168,,KCR,Batting 1st,2012,183,92.1,162,753,674,101,184,40,6,9,48,22,8,68,141,.273,.340,.390,.730,263,13,3,2,6,3,6,.330,105,105
169,,TBD,Batting 1st,2007,172,92.1,162,763,677,99,171,29,10,17,60,18,10,69,163,.253,.324,.400,.724,271,5,5,6,6,1,5,.306,89,90
170,,BAL,Batting 1st,2006,172,91.8,162,763,690,95,192,36,3,11,66,37,8,61,83,.278,.335,.387,.722,267,17,0,6,5,4,9,.301,90,90
171,,CHC,Batting 1st,2006,175,91.7,162,755,703,86,204,32,13,3,41,58,20,33,42,.290,.329,.385,.714,271,7,8,10,1,0,12,.305,94,88
172,,FLA,Batting 1st,2010,182,91.7,162,759,674,118,177,34,6,11,47,24,6,67,165,.263,.336,.380,.716,256,9,10,4,4,5,9,.331,99,102
173,,TOR,Batting 1st,2007,177,91.6,162,761,676,100,167,33,3,23,69,12,4,65,121,.247,.321,.407,.728,275,10,11,5,4,5,3,.269,95,91
174,,HOU,Batting 1st,2011,173,91.1,162,756,691,96,194,33,7,4,46,51,11,55,134,.281,.336,.366,.703,253,10,4,4,2,4,5,.342,106,94
175,,CLE,Batting 1st,2009,166,90.8,162,775,685,103,177,38,4,15,77,17,13,75,134,.258,.337,.391,.728,268,13,7,6,2,1,7,.301,93,93
176,,NYY,Batting 1st,2015,174,90.6,162,767,689,111,182,33,4,14,63,27,10,60,153,.264,.329,.385,.714,265,10,9,2,4,2,12,.319,93,95
177,,TBR,Batting 1st,2013,195,90.6,163,761,679,108,170,41,4,19,58,20,7,72,144,.250,.323,.406,.730,276,15,3,3,4,2,7,.290,98,102
178,,PIT,Batting 1st,2015,175,90.5,162,766,699,96,186,44,6,8,53,25,12,56,130,.266,.325,.381,.706,266,3,7,1,3,5,10,.316,97,93
179,,ARI,Batting 1st,2011,174,90.3,162,746,676,99,171,32,8,21,68,31,16,58,125,.253,.314,.417,.731,282,5,4,4,4,2,4,.281,99,101
180,,BAL,Batting 1st,2014,171,90.2,162,750,680,87,185,29,4,14,53,6,3,62,96,.272,.336,.388,.724,264,11,4,2,2,3,5,.299,100,103
181,,LAA,Batting 1st,2013,199,90.2,162,764,700,94,199,41,3,11,68,13,4,40,105,.284,.322,.399,.721,279,15,4,10,10,0,2,.316,94,100
182,,HOU,Batting 1st,2007,217,90.1,162,777,720,100,190,39,6,16,84,10,5,43,130,.264,.309,.401,.710,289,8,5,6,3,1,9,.302,91,86
183,,MIL,Batting 1st,2013,174,90.1,162,743,660,81,189,29,3,7,38,20,13,61,58,.286,.357,.371,.728,245,10,13,6,3,1,14,.304,108,104
184,,CHW,Batting 1st,2014,179,89.9,162,740,674,98,188,35,11,5,56,16,10,53,144,.279,.337,.386,.723,260,6,7,4,2,1,10,.347,106,103
185,,HOU,Batting 1st,2009,170,89.9,162,739,661,97,177,28,10,4,43,56,13,65,150,.268,.334,.359,.692,237,2,3,5,5,1,8,.338,95,84
186,,TOR,Batting 1st,2013,200,89.8,162,759,694,100,191,35,2,14,66,26,7,54,94,.275,.326,.392,.718,272,16,2,1,8,2,6,.298,98,100
187,,TOR,Batting 1st,2015,181,89.7,162,763,696,100,187,36,1,15,77,24,5,48,122,.269,.320,.388,.708,270,11,7,6,5,0,4,.305,79,93
188,,ATL,Batting 1st,2006,205,89.6,162,768,684,106,183,36,5,11,75,11,10,66,134,.268,.336,.383,.719,262,10,6,10,2,0,7,.318,84,90
189,,SFG,Batting 1st,2009,212,89.6,162,746,685,94,177,37,9,15,76,20,6,45,160,.258,.312,.404,.717,277,7,11,0,5,3,9,.315,105,89
190,,NYY,Batting 1st,2011,179,89.4,162,771,688,109,180,28,7,9,55,35,8,63,121,.262,.332,.362,.694,249,10,12,4,4,0,7,.304,78,92
191,,PHI,Batting 1st,2009,166,89.4,162,773,713,104,175,47,7,20,81,32,8,48,80,.245,.294,.415,.709,296,9,3,3,6,0,9,.250,81,86
192,,CLE,Batting 1st,2013,169,89.2,162,758,690,100,189,29,8,9,71,26,13,57,166,.274,.331,.378,.709,261,6,3,5,3,1,3,.347,93,98
193,,PHI,Batting 1st,2015,171,89.1,162,746,703,91,205,36,7,3,54,27,8,36,111,.292,.327,.376,.703,264,6,2,3,2,1,13,.342,106,93
194,,PIT,Batting 1st,2010,181,89.0,162,725,647,93,161,43,4,17,66,26,8,67,101,.249,.320,.406,.727,263,8,4,1,6,0,9,.269,114,104
195,,BOS,Batting 1st,2014,167,88.7,162,768,696,109,187,40,6,8,47,17,7,59,146,.269,.330,.378,.708,263,12,6,4,3,0,7,.328,107,98
196,,MIN,Batting 1st,2015,169,88.7,162,741,671,104,159,40,5,27,71,12,5,54,167,.237,.298,.432,.730,290,7,7,2,7,3,7,.273,106,98
197,,SDP,Batting 1st,2011,192,88.3,162,748,680,94,171,33,9,16,55,42,16,56,145,.251,.312,.397,.709,270,4,6,1,5,4,8,.296,116,95
198,,TBR,Batting 1st,2012,180,88.3,162,741,651,107,149,25,8,23,67,32,8,78,148,.229,.315,.398,.713,259,7,6,2,4,2,6,.260,100,99
199,,PIT,Batting 1st,2006,177,88.2,162,760,682,106,168,34,6,14,47,35,4,50,155,.246,.314,.375,.690,256,7,19,6,3,1,10,.298,91,81
200,,LAA,Batting 1st,2008,175,88.0,162,753,648,104,173,28,2,4,37,39,13,95,115,.267,.364,.335,.699,217,10,5,4,1,3,8,.319,91,86
201,,DET,Batting 1st,2015,184,87.9,161,754,698,100,186,31,17,11,53,31,16,49,174,.266,.318,.407,.725,284,13,4,2,1,0,11,.340,94,97
202,,STL,Batting 1st,2006,196,87.9,161,765,699,98,196,26,5,8,42,10,6,43,63,.280,.335,.366,.701,256,9,16,3,4,0,11,.297,84,85
203,,CHW,Batting 1st,2013,168,87.8,162,744,667,88,173,29,3,17,63,26,9,58,160,.259,.321,.388,.709,259,7,6,6,7,1,6,.314,109,97
204,,WSN,Batting 1st,2008,168,87.4,161,756,687,87,189,33,8,10,69,10,13,61,112,.275,.333,.390,.723,268,13,2,0,6,1,7,.313,108,91
205,,KCR,Batting 1st,2010,170,87.1,162,761,684,86,181,31,9,10,63,40,15,59,109,.265,.323,.380,.703,260,10,3,9,6,2,7,.299,93,98
206,,CHW,Batting 1st,2008,183,87.0,163,766,682,102,187,35,1,10,62,15,8,70,97,.274,.339,.372,.711,254,18,2,2,10,3,3,.303,85,88
207,,HOU,Batting 1st,2006,225,86.9,162,768,703,103,185,37,3,12,60,30,5,42,107,.263,.314,.376,.689,264,11,12,6,5,0,5,.294,87,82
208,,KCR,Batting 1st,2007,178,86.9,162,755,654,105,168,29,9,8,56,15,8,70,97,.257,.343,.365,.709,239,10,19,6,6,7,11,.288,101,87
209,,MIL,Batting 1st,2015,183,86.9,162,734,691,97,194,34,8,12,61,24,11,28,114,.281,.314,.405,.719,280,9,7,4,4,2,9,.320,105,96
210,,ARI,Batting 1st,2012,169,86.8,162,746,672,108,177,44,11,7,51,16,20,63,121,.263,.328,.393,.721,264,3,4,2,5,2,7,.310,94,102
211,,TOR,Batting 1st,2011,187,86.7,162,755,664,100,174,33,3,12,58,21,7,72,97,.262,.335,.375,.710,249,15,4,9,6,1,15,.289,97,96
212,,ARI,Batting 1st,2006,187,86.6,162,773,703,100,177,37,5,14,67,27,11,49,95,.252,.311,.378,.690,266,5,13,5,3,0,10,.273,83,81
213,,CHC,Batting 1st,2013,180,86.6,162,738,673,77,173,39,4,16,61,10,7,58,111,.257,.321,.398,.719,268,10,6,0,1,0,14,.287,109,100
214,,COL,Batting 1st,2008,229,86.0,162,771,694,94,174,31,5,9,58,68,9,57,126,.251,.311,.349,.659,242,7,5,11,4,0,13,.293,77,74
215,,STL,Batting 1st,2012,180,86.0,162,769,687,102,187,29,4,6,62,21,10,59,97,.272,.337,.352,.690,242,8,11,7,5,2,7,.307,83,94
216,,TOR,Batting 1st,2008,185,85.9,162,760,672,85,181,28,6,7,63,12,3,56,101,.269,.336,.360,.696,242,11,14,13,5,1,7,.306,92,84
217,,BOS,Batting 1st,2010,178,85.8,162,783,718,103,190,41,0,11,57,9,5,56,104,.265,.318,.368,.686,264,9,2,3,3,0,9,.295,75,93
218,,LAD,Batting 1st,2007,178,85.8,162,764,696,101,190,28,6,7,54,35,9,55,71,.273,.327,.361,.687,251,12,3,4,5,2,6,.294,86,82
219,,MIN,Batting 1st,2008,172,85.8,163,776,699,111,178,29,8,12,78,36,15,58,149,.255,.318,.371,.688,259,7,8,8,3,3,7,.307,85,82
220,,SDP,Batting 1st,2015,180,85.6,162,737,673,104,166,34,6,21,75,13,6,50,144,.247,.303,.409,.711,275,6,6,4,4,0,12,.283,107,93
221,,CHC,Batting 1st,2009,177,85.5,161,765,672,97,167,29,3,16,55,15,13,82,139,.249,.335,.372,.707,250,10,6,3,2,5,5,.291,92,87
222,,MIN,Batting 1st,2012,169,85.5,162,758,690,94,186,39,6,5,51,31,8,57,86,.270,.325,.365,.691,252,12,2,5,4,0,11,.300,94,94
223,,CHW,Batting 1st,2006,214,85.3,162,772,696,100,190,38,8,4,58,42,24,57,118,.273,.332,.368,.699,256,10,6,9,4,1,8,.322,76,85
224,,TEX,Batting 1st,2014,185,85.3,162,739,647,81,167,30,2,12,53,21,12,77,159,.258,.345,.366,.711,237,11,11,0,4,4,4,.323,108,100
225,,WSN,Batting 1st,2013,173,85.1,162,742,673,78,180,28,12,6,48,21,7,56,98,.267,.329,.371,.700,250,10,6,6,1,0,8,.305,98,95
226,,KCR,Batting 1st,2014,212,85.0,162,744,674,82,188,33,7,4,58,34,15,53,96,.279,.339,.366,.705,247,13,9,6,2,0,7,.319,105,98
227,,LAD,Batting 1st,2011,191,84.8,161,745,687,93,190,25,7,3,37,40,9,48,102,.277,.325,.346,.671,238,2,2,6,2,0,9,.320,93,86
228,,CIN,Batting 1st,2010,182,84.7,162,767,698,106,170,32,7,16,65,26,8,55,122,.244,.306,.378,.684,264,7,9,2,3,0,9,.274,77,92
229,,LAA,Batting 1st,2010,172,84.6,162,744,670,99,176,34,5,11,47,22,13,56,110,.263,.325,.378,.703,253,6,7,9,2,2,10,.299,101,98
230,,SEA,Batting 1st,2015,184,84.4,162,740,672,76,166,33,6,18,60,17,8,56,150,.247,.307,.394,.702,265,5,4,5,3,1,8,.292,95,91
231,,SFG,Batting 1st,2014,186,84.1,162,741,686,96,184,36,9,10,58,25,13,44,103,.268,.314,.391,.705,268,9,4,3,4,2,6,.302,102,97
232,,BAL,Batting 1st,2012,176,84.0,162,756,687,85,175,35,3,18,59,14,6,50,127,.255,.308,.393,.701,270,11,5,9,5,3,6,.287,93,96
233,,OAK,Batting 1st,2011,169,83.9,162,752,692,81,187,44,10,4,56,41,17,42,98,.270,.317,.380,.697,263,11,8,5,5,2,6,.308,105,92
234,,MIN,Batting 1st,2006,176,83.8,162,754,682,94,189,19,6,8,55,30,9,61,86,.277,.336,.358,.694,244,18,2,5,4,0,10,.306,81,84
235,,BOS,Batting 1st,2008,167,83.6,162,776,695,108,178,32,7,5,49,49,9,61,105,.256,.322,.344,.665,239,13,8,8,4,1,7,.294,67,76
236,,KCR,Batting 1st,2013,177,83.6,162,745,675,95,166,29,7,16,79,15,3,55,139,.246,.309,.381,.690,257,7,9,1,5,6,6,.286,99,92
237,,MIN,Batting 1st,2010,166,83.6,162,759,677,92,176,27,10,5,61,26,4,63,81,.260,.328,.352,.680,238,12,7,10,2,0,7,.288,80,92
238,,TOR,Batting 1st,2010,171,83.3,162,749,671,102,163,38,6,15,54,20,8,62,166,.243,.313,.385,.698,258,11,9,2,5,1,6,.299,85,96
239,,TEX,Batting 1st,2015,199,82.5,162,756,674,99,166,35,10,8,52,24,10,64,169,.246,.313,.364,.677,245,3,4,9,5,1,5,.315,84,85
240,,BAL,Batting 1st,2011,176,82.0,162,755,692,92,166,39,1,22,79,18,3,46,115,.240,.290,.395,.685,273,9,5,7,5,0,9,.257,87,88
241,,OAK,Batting 1st,2006,167,81.8,162,765,681,99,187,31,2,3,54,14,6,66,83,.275,.346,.339,.685,231,19,11,2,5,0,7,.307,84,82
242,,BAL,Batting 1st,2010,174,81.7,162,746,678,84,180,35,0,10,46,30,9,51,141,.265,.320,.361,.681,245,9,4,10,2,2,6,.321,95,92
243,,OAK,Batting 1st,2009,166,81.2,162,761,695,89,186,37,1,10,65,23,7,54,110,.268,.321,.367,.687,255,19,2,5,4,2,8,.304,90,82
244,,SEA,Batting 1st,2013,172,81.0,162,746,687,88,170,24,6,21,69,12,6,48,138,.247,.296,.392,.688,269,7,1,6,4,0,7,.280,97,91
245,,SFG,Batting 1st,2013,210,81.0,162,750,684,97,180,33,6,8,54,19,11,57,114,.263,.320,.364,.684,249,10,3,1,5,1,6,.303,96,91
246,,DET,Batting 1st,2011,176,80.8,162,766,678,101,165,27,11,12,50,21,6,62,194,.243,.311,.369,.680,250,12,6,17,3,4,10,.322,77,88
247,,LAA,Batting 1st,2006,171,80.7,162,758,674,98,171,28,7,5,67,49,17,69,105,.254,.322,.338,.661,228,6,3,4,8,1,9,.290,76,75
248,,ATL,Batting 1st,2015,170,80.5,162,746,666,80,168,40,5,8,63,12,11,70,140,.252,.327,.363,.690,242,7,4,5,1,9,5,.308,105,89
249,,TBR,Batting 1st,2014,180,80.2,162,757,679,84,168,38,3,12,54,10,6,61,135,.247,.316,.365,.681,248,10,8,7,2,4,3,.292,99,91
250,,STL,Batting 1st,2007,218,80.1,162,755,690,88,195,30,1,4,51,13,3,34,52,.283,.323,.346,.670,239,12,12,10,9,0,9,.297,81,77
251,,HOU,Batting 1st,2010,178,80.0,162,738,658,97,170,29,6,3,46,61,15,70,127,.258,.331,.334,.665,220,11,2,6,2,5,8,.315,102,88
252,,SDP,Batting 1st,2009,166,80.0,162,753,663,105,158,28,9,11,50,19,12,76,130,.238,.318,.357,.676,237,4,3,8,3,2,12,.280,93,79
253,,CHC,Batting 1st,2014,173,79.9,162,749,689,85,174,40,8,9,55,20,11,47,149,.253,.303,.373,.676,257,3,3,9,1,3,4,.310,98,89
254,,CHC,Batting 1st,2010,175,79.9,162,752,678,81,170,30,5,12,56,18,9,63,120,.251,.316,.363,.679,246,10,4,2,4,2,10,.287,89,91
255,,BOS,Batting 1st,2012,183,79.7,162,751,693,88,180,40,0,12,70,24,6,42,115,.260,.304,.369,.673,256,11,4,7,5,1,4,.294,85,88
256,,ATL,Batting 1st,2014,169,79.2,162,735,662,86,162,25,3,13,51,32,11,64,153,.245,.314,.350,.665,232,2,4,3,2,2,9,.299,100,86
257,,MIL,Batting 1st,2006,171,79.2,162,745,664,100,162,29,4,15,53,20,10,53,141,.244,.317,.367,.684,244,12,20,3,5,2,14,.287,84,80
258,,NYM,Batting 1st,2012,196,78.7,162,748,678,94,175,34,2,9,47,14,9,59,144,.258,.323,.354,.677,240,10,6,4,0,1,10,.316,94,90
259,,ATL,Batting 1st,2011,170,78.4,162,758,690,97,182,27,6,10,57,39,17,51,128,.264,.313,.364,.677,251,14,1,9,6,1,12,.308,96,87
260,,CHW,Batting 1st,2010,164,78.2,162,751,668,97,180,18,3,1,48,67,17,44,52,.269,.333,.310,.643,207,9,21,15,3,0,6,.290,74,82
261,,ATL,Batting 1st,2013,175,78.1,162,752,681,101,165,31,5,16,54,25,10,60,127,.242,.305,.373,.678,254,13,3,4,4,4,13,.275,88,88
262,,WSN,Batting 1st,2007,179,78.0,162,756,680,84,165,33,7,11,57,22,9,61,135,.243,.308,.360,.668,245,10,5,5,5,2,9,.286,87,76
263,,CIN,Batting 1st,2009,186,77.9,162,757,696,96,177,25,5,10,38,38,12,47,141,.254,.302,.348,.650,242,4,2,9,3,0,14,.305,83,72
264,,CIN,Batting 1st,2014,177,77.3,162,731,668,90,167,29,8,10,56,58,20,43,153,.250,.298,.362,.660,242,1,4,12,4,0,6,.308,100,85
265,,MIN,Batting 1st,2007,180,77.1,162,754,683,98,188,20,8,0,39,24,7,57,63,.275,.331,.328,.659,224,14,1,10,3,0,8,.302,84,75
266,,NYM,Batting 1st,2014,191,76.6,162,749,669,92,157,34,4,8,40,34,7,63,147,.235,.308,.333,.641,223,4,9,5,3,2,12,.288,92,80
267,,MIN,Batting 1st,2011,163,75.7,162,734,678,85,180,16,10,3,44,35,9,51,76,.265,.319,.332,.651,225,9,2,3,0,1,12,.295,97,81
268,,OAK,Batting 1st,2015,173,75.5,162,759,704,94,177,26,11,6,52,31,9,44,126,.251,.300,.345,.645,243,9,6,2,3,2,6,.297,84,77
269,,PIT,Batting 1st,2012,191,75.1,162,742,687,83,169,33,15,11,44,22,15,38,140,.246,.291,.386,.677,265,9,7,7,3,0,10,.293,93,89
270,,CLE,Batting 1st,2014,175,75.0,162,760,687,90,170,26,10,7,50,20,7,58,168,.247,.308,.345,.653,237,13,4,7,4,2,6,.316,86,83
271,,CLE,Batting 1st,2011,173,75.0,162,751,682,92,165,40,4,14,66,14,10,48,153,.242,.297,.374,.671,255,12,8,8,5,2,3,.290,88,85
272,,HOU,Batting 1st,2012,184,74.9,162,733,666,83,170,32,4,10,41,38,20,48,150,.255,.310,.360,.671,240,9,7,7,4,0,12,.314,100,88
273,,STL,Batting 1st,2011,200,74.6,162,763,692,81,176,41,1,8,64,10,8,49,83,.254,.310,.351,.661,243,15,9,7,6,1,7,.277,74,83
274,,STL,Batting 1st,2010,217,74.4,162,761,689,96,166,33,1,11,53,9,4,62,103,.241,.306,.340,.646,234,9,4,4,2,1,9,.269,77,82
275,,SEA,Batting 1st,2011,164,74.2,162,726,682,80,186,23,3,5,47,40,7,39,69,.273,.310,.337,.648,230,11,0,1,4,13,10,.296,103,79
276,,TOR,Batting 1st,2012,175,74.1,162,746,684,98,162,35,2,14,60,29,8,49,145,.237,.294,.355,.650,243,10,8,1,3,1,6,.280,82,82
277,,CHW,Batting 1st,2007,188,73.5,162,748,679,92,176,25,5,4,43,40,15,57,118,.259,.321,.328,.649,223,14,5,4,1,0,13,.308,82,72
278,,MIA,Batting 1st,2012,183,73.5,162,743,675,80,162,30,8,8,47,32,8,57,110,.240,.299,.344,.643,232,8,1,7,3,5,10,.275,87,80
279,,CIN,Batting 1st,2015,181,73.3,162,755,701,96,169,23,6,10,44,40,6,46,108,.241,.290,.334,.624,234,7,3,4,1,0,6,.272,78,71
280,,SFG,Batting 1st,2011,195,73.2,162,745,678,96,157,44,4,11,51,22,10,48,167,.232,.292,.357,.649,242,6,11,6,2,1,9,.291,93,79
281,,CHW,Batting 1st,2011,171,73.1,162,753,679,82,186,17,4,2,52,31,17,44,57,.274,.323,.320,.643,217,7,7,20,3,0,9,.295,84,79
282,,PHI,Batting 1st,2013,170,72.8,162,733,682,73,184,32,5,5,50,22,11,41,110,.270,.313,.353,.666,241,17,3,4,3,3,9,.314,94,86
283,,WSN,Batting 1st,2011,177,72.0,161,751,689,83,156,25,5,16,67,30,6,48,153,.226,.285,.347,.632,239,8,9,3,2,1,14,.268,83,74
284,,HOU,Batting 1st,2008,181,70.7,161,743,678,93,161,21,6,11,47,40,12,50,132,.237,.290,.335,.625,227,5,2,8,5,0,9,.278,71,65
285,,NYM,Batting 1st,2013,186,70.2,162,754,686,81,160,34,5,4,46,43,8,54,132,.233,.293,.315,.608,216,6,5,7,2,1,9,.283,82,70
286,,MIN,Batting 1st,2013,172,69.3,162,761,694,83,156,32,4,15,67,10,8,56,153,.225,.286,.347,.634,241,10,5,3,3,0,14,.267,83,76
287,,LAA,Batting 1st,2015,182,68.7,162,734,678,89,161,25,6,13,59,9,1,36,128,.237,.280,.350,.630,237,8,6,9,5,0,7,.273,80,72
288,,TEX,Batting 1st,2010,170,68.6,162,771,682,100,172,19,2,1,42,34,15,61,106,.252,.320,.290,.610,198,8,7,18,1,0,12,.297,64,73
289,,OAK,Batting 1st,2008,172,68.4,161,756,678,78,148,28,5,12,62,14,2,55,147,.218,.285,.327,.613,222,7,11,6,6,1,6,.259,78,61
290,,SEA,Batting 1st,2012,167,68.3,162,738,680,86,156,25,3,15,59,16,3,50,131,.229,.281,.341,.622,232,6,0,5,3,6,8,.263,87,74
291,,SDP,Batting 1st,2010,185,68.0,162,752,672,86,159,14,3,10,63,27,11,61,111,.237,.306,.311,.617,209,9,7,9,3,0,3,.269,80,74
292,,HOU,Batting 1st,2013,167,67.7,162,742,667,69,166,28,1,6,43,25,18,58,174,.249,.310,.321,.631,214,7,2,13,2,2,7,.327,89,77
293,,WSN,Batting 1st,2010,191,67.4,162,743,666,82,158,20,9,5,43,38,19,53,134,.237,.300,.317,.617,211,4,9,10,5,2,6,.288,76,74
294,,KCR,Batting 1st,2015,173,66.6,162,746,684,94,171,23,5,5,51,18,6,37,95,.250,.295,.320,.615,219,11,9,11,5,1,8,.282,69,69
295,,CLE,Batting 1st,2010,167,65.4,162,760,698,83,171,27,5,4,42,22,6,46,95,.245,.294,.315,.609,220,16,3,11,2,0,4,.278,75,72
296,,SEA,Batting 1st,2014,184,64.0,162,733,684,71,167,24,6,5,47,23,6,41,159,.244,.287,.319,.605,218,11,1,4,3,1,8,.310,81,70
297,,SDP,Batting 1st,2014,189,63.3,162,726,661,71,159,28,3,7,41,17,12,49,134,.241,.292,.324,.616,214,9,2,8,6,1,10,.289,95,73
298,,MIA,Batting 1st,2013,184,62.3,162,733,678,63,155,24,4,8,29,30,9,46,111,.229,.282,.311,.593,211,7,4,5,0,2,7,.263,89,66
299,,LAD,Batting 1st,2012,187,61.1,162,747,689,84,156,28,3,6,43,43,13,49,125,.226,.281,.302,.583,208,11,4,3,2,0,12,.268,69,64
300,,CIN,Batting 1st,2012,176,59.8,162,756,703,83,146,34,1,16,38,10,1,37,148,.208,.254,.327,.581,230,10,8,5,3,0,11,.240,60,62